ticker,yearReport,lengthReport,Net Profit/Loss before tax,Depreciation and Amortisation,Provision for credit losses,Unrealized foreign exchange gain/loss,Profit/Loss from disposal of fixed assets,Profit/Loss from investing activities,Interest Expense,Interest income and dividends,Operating profit before changes in working capital,Increase/Decrease in receivables,Increase/Decrease in inventories,Increase/Decrease in payables,Increase/Decrease in prepaid expenses,Interest paid,Business Income Tax paid,Other receipts from operating activities,Other payments on operating activities,Net cash inflows/outflows from operating activities,Purchase of fixed assets,Proceeds from disposal of fixed assets,"Loans granted, purchases of debt instruments (Bn. VND)","Collection of loans, proceeds from sales of debts instruments (Bn. VND)",Investment in other entities,Proceeds from divestment in other entities,Gain on Dividend,Net Cash Flows from Investing Activities,Increase in charter captial,Payments for share repurchases,Proceeds from borrowings,Repayment of borrowings,Finance lease principal payments,Dividends paid,Cash flows from financial activities,Net increase/decrease in cash and cash equivalents,Cash and cash equivalents,Foreign exchange differences Adjustment,Cash and Cash Equivalents at the end of period,data_source,period_type
MSN,2025,2,1846273000000.0,848014000000.0,134067000000.0,21888000000.0,0.0,-1104035000000.0,1220203000000.0,0.0,2966410000000.0,578577000000.0,-496954000000.0,-177473000000.0,41459000000.0,-1468708000000.0,-28186000000.0,0.0,-176000000.0,1346737000000.0,-363588000000.0,2761000000.0,-3482300000000.0,21849656000000.0,-755373000000.0,-508375000000.0,262606000000.0,17005387000000.0,1000000.0,-2551526000000.0,14677419000000.0,-32687317000000.0,-3030000000.0,-2033000000.0,-20566486000000.0,-2214362000000.0,12769105000000.0,-2001000000.0,10552742000000.0,VCI,quarterly
MSN,2025,1,1222369000000.0,879908000000.0,115575000000.0,6365000000.0,0.0,-1399366000000.0,1531673000000.0,0.0,2356524000000.0,-45232000000.0,1033754000000.0,-1654468000000.0,126287000000.0,-1164248000000.0,-728182000000.0,0.0,-342000000.0,-75907000000.0,-348114000000.0,8386000000.0,-4673174000000.0,2257701000000.0,-1057693000000.0,593044000000.0,111990000000.0,-3107860000000.0,2575063000000.0,0.0,13465001000000.0,-18699504000000.0,-2966000000.0,-4135000000.0,-2666541000000.0,-5850308000000.0,18617866000000.0,1547000000.0,12769105000000.0,VCI,quarterly
MSN,2024,4,2656630000000.0,974011000000.0,903345000000.0,93309000000.0,0.0,-1951120000000.0,1662454000000.0,0.0,4338629000000.0,-827783000000.0,-345960000000.0,2146126000000.0,341075000000.0,-2485001000000.0,-453516000000.0,0.0,-723000000.0,4433180000000.0,-1546327000000.0,-485000000.0,-17770550000000.0,19677015000000.0,-6557257000000.0,2901122000000.0,903936000000.0,-2392546000000.0,12876000000.0,0.0,41543173000000.0,-36818806000000.0,19841000000.0,-1395196000000.0,3361888000000.0,5402522000000.0,13225024000000.0,-9680000000.0,18617866000000.0,VCI,quarterly
MSN,2024,3,1565750000000.0,1174958000000.0,224158000000.0,2936000000.0,0.0,-1760966000000.0,1822702000000.0,0.0,3029538000000.0,56565000000.0,-344322000000.0,1441205000000.0,176383000000.0,-1490288000000.0,-81251000000.0,0.0,0.0,2577998000000.0,-933304000000.0,11740000000.0,-4465511000000.0,-35235000000.0,0.0,0.0,301007000000.0,-5121303000000.0,-63858000000.0,0.0,13845696000000.0,-15837648000000.0,-10564000000.0,-325541000000.0,-2391915000000.0,-4935220000000.0,18158242000000.0,2002000000.0,13225024000000.0,VCI,quarterly
MSN,2024,2,1168760000000.0,940218000000.0,134358000000.0,-32847000000.0,0.0,-1633438000000.0,1712918000000.0,0.0,2289969000000.0,561753000000.0,231035000000.0,-366347000000.0,-60632000000.0,-1599568000000.0,-214893000000.0,0.0,0.0,2549657000000.0,-222906000000.0,-29439000000.0,-14598276000000.0,10283509000000.0,0.0,1383184000000.0,1544166000000.0,-1639762000000.0,6409082000000.0,0.0,24468787000000.0,-22100133000000.0,-19614000000.0,-498000000.0,8757624000000.0,9667519000000.0,8492733000000.0,-2010000000.0,18158242000000.0,VCI,quarterly
MSN,2024,1,633663000000.0,1043768000000.0,100537000000.0,-50790000000.0,0.0,-1721749000000.0,1713341000000.0,0.0,1718770000000.0,-128088000000.0,360693000000.0,-1077620000000.0,171520000000.0,-1386162000000.0,-658699000000.0,0.0,0.0,-35373000000.0,-396763000000.0,52949000000.0,-3897935000000.0,2478837000000.0,0.0,0.0,222986000000.0,-1539926000000.0,53686000000.0,0.0,13748825000000.0,-13854728000000.0,-3771000000.0,-56000000.0,-56044000000.0,-1631343000000.0,10124515000000.0,-439000000.0,8492733000000.0,VCI,quarterly
MSN,2023,4,947833000000.0,1061973000000.0,-21819000000.0,-273811000000.0,0.0,-1589531000000.0,1798990000000.0,0.0,1806528000000.0,281835000000.0,915762000000.0,305010000000.0,153135000000.0,-2030131000000.0,-340305000000.0,0.0,0.0,-1874676000000.0,-462678000000.0,2101000000.0,-10690610000000.0,10978272000000.0,14304000000.0,708600000000.0,447733000000.0,997722000000.0,0.0,0.0,28875743000000.0,-27264488000000.0,-3708000000.0,-39451000000.0,1568096000000.0,691142000000.0,9477078000000.0,-43705000000.0,10124515000000.0,VCI,quarterly
MSN,2023,3,582905000000.0,1030043000000.0,91246000000.0,477305000000.0,0.0,-1494133000000.0,1894497000000.0,0.0,2581863000000.0,150372000000.0,-125544000000.0,323511000000.0,84964000000.0,-2444847000000.0,-196987000000.0,0.0,0.0,1800169000000.0,-385750000000.0,6245000000.0,-12044330000000.0,7784150000000.0,-14304000000.0,0.0,878872000000.0,-3775117000000.0,71136000000.0,0.0,23181403000000.0,-20525104000000.0,-3637000000.0,-204288000000.0,2519510000000.0,544562000000.0,8829035000000.0,103481000000.0,9477078000000.0,VCI,quarterly
MSN,2023,2,450891000000.0,946686000000.0,342539000000.0,-80390000000.0,0.0,-1395882000000.0,1886651000000.0,0.0,2150495000000.0,489257000000.0,-525040000000.0,-53068000000.0,110474000000.0,-1844932000000.0,-83519000000.0,0.0,0.0,916560000000.0,-531823000000.0,6211000000.0,-3706210000000.0,1531000000000.0,0.0,0.0,236892000000.0,-2463930000000.0,0.0,0.0,17362028000000.0,-23178757000000.0,-3964000000.0,-82000000.0,-5820775000000.0,-7368145000000.0,16203728000000.0,-6548000000.0,8829035000000.0,VCI,quarterly
MSN,2023,1,581345000000.0,1084961000000.0,-4621000000.0,-64011000000.0,0.0,-1390751000000.0,1842271000000.0,0.0,2049194000000.0,-469325000000.0,811223000000.0,-1017872000000.0,77655000000.0,-1582969000000.0,-195396000000.0,0.0,0.0,-341592000000.0,-848544000000.0,2904000000.0,-2232559000000.0,250743000000.0,0.0,0.0,245109000000.0,-2582347000000.0,0.0,0.0,21639905000000.0,-16356545000000.0,-3980000000.0,0.0,5279380000000.0,2355441000000.0,13853100000000.0,-4813000000.0,16203728000000.0,VCI,quarterly
MSN,2022,4,903305000000.0,1133738000000.0,126867000000.0,-254619000000.0,0.0,-1112753000000.0,1662326000000.0,0.0,2458864000000.0,-178678000000.0,-277681000000.0,495978000000.0,83681000000.0,-1510427000000.0,-463763000000.0,0.0,-103000000.0,-1493437000000.0,-1096267000000.0,21352000000.0,-1013662000000.0,149400000000.0,-3062240000000.0,0.0,164555000000.0,-4836862000000.0,50231000000.0,0.0,28016679000000.0,-13914723000000.0,-3968000000.0,-3502000000.0,14144717000000.0,7814418000000.0,6045500000000.0,-6818000000.0,13853100000000.0,VCI,quarterly
MSN,2022,3,908892000000.0,1068389000000.0,55975000000.0,115338000000.0,0.0,-1330989000000.0,1242189000000.0,0.0,2059794000000.0,34029000000.0,-621726000000.0,-667112000000.0,-62231000000.0,-1288596000000.0,0.0,0.0,-863000000.0,-1747569000000.0,-933031000000.0,-125187000000.0,-1770600000000.0,339857000000.0,-4410944000000.0,0.0,115660000000.0,-6784245000000.0,65404000000.0,0.0,19305075000000.0,-13261768000000.0,-3317000000.0,-1239691000000.0,4865703000000.0,-3666111000000.0,9714354000000.0,-2743000000.0,6045500000000.0,VCI,quarterly
MSN,2022,2,1261187000000.0,1127065000000.0,32628000000.0,73366000000.0,0.0,-1733997000000.0,1274183000000.0,0.0,2034432000000.0,-46788000000.0,-670716000000.0,1177066000000.0,120585000000.0,-1230810000000.0,-123478000000.0,0.0,-315000000.0,1259976000000.0,-1293376000000.0,122283000000.0,-4679638000000.0,357880000000.0,-3964096000000.0,2755926000000.0,221086000000.0,-6479935000000.0,59138000000.0,0.0,19002891000000.0,-16470559000000.0,-3319000000.0,-579000000.0,2587572000000.0,-2632387000000.0,12349418000000.0,-2677000000.0,9714354000000.0,VCI,quarterly
MSN,2022,1,2073766000000.0,1077331000000.0,17374000000.0,24931000000.0,0.0,-1671127000000.0,1161355000000.0,0.0,2683630000000.0,-480240000000.0,-166021000000.0,-2438129000000.0,-46941000000.0,-1040684000000.0,-316021000000.0,0.0,-3416000000.0,-1807822000000.0,-842647000000.0,5471000000.0,-3872553000000.0,3902878000000.0,-5198281000000.0,-2472176000000.0,131091000000.0,-8346217000000.0,-215160000000.0,0.0,11735282000000.0,-11309309000000.0,-3323000000.0,-9310000000.0,198180000000.0,-9955859000000.0,22304822000000.0,455000000.0,12349418000000.0,VCI,quarterly
MSN,2021,4,7996802000000.0,1118144000000.0,34392000000.0,49062000000.0,0.0,-6688483000000.0,1258684000000.0,0.0,3768601000000.0,99091000000.0,-1041519000000.0,-3162819000000.0,93274000000.0,-1541409000000.0,-977618000000.0,0.0,-1406000000.0,-2763805000000.0,-679103000000.0,8379000000.0,-7021005000000.0,7037590000000.0,-3033174000000.0,7741531000000.0,389459000000.0,4443677000000.0,7636791000000.0,-1747831000000.0,19063840000000.0,-14486860000000.0,-14662000000.0,-2124750000000.0,8326528000000.0,10006400000000.0,12300031000000.0,-1609000000.0,22304822000000.0,VCI,quarterly
MSN,2021,3,1863066000000.0,1150287000000.0,38212000000.0,-67543000000.0,0.0,-1090363000000.0,1253949000000.0,0.0,3147608000000.0,-709247000000.0,-749956000000.0,1827813000000.0,142952000000.0,-1137841000000.0,-145011000000.0,0.0,-201000000.0,2376117000000.0,-807574000000.0,3242000000.0,-1100950000000.0,1045700000000.0,-19713000000.0,6412000000.0,179177000000.0,-693706000000.0,495923000000.0,0.0,15437892000000.0,-15736245000000.0,-1542000000.0,-1121563000000.0,-925535000000.0,756876000000.0,11544161000000.0,-1006000000.0,12300031000000.0,VCI,quarterly
MSN,2021,2,1141863000000.0,1140764000000.0,-13147000000.0,-9356000000.0,0.0,-1193382000000.0,1279579000000.0,0.0,2346321000000.0,280819000000.0,-355201000000.0,125715000000.0,1614000000.0,-1149081000000.0,-22357000000.0,0.0,-1483000000.0,1226347000000.0,-644181000000.0,2551000000.0,-117200000000.0,930400000000.0,-1507788000000.0,5939233000000.0,114746000000.0,4717761000000.0,9231209000000.0,-8029617000000.0,10366962000000.0,-12921002000000.0,-1456000000.0,-165888000000.0,-1519792000000.0,4424316000000.0,7117888000000.0,1957000000.0,11544161000000.0,VCI,quarterly
MSN,2021,1,487053000000.0,1222484000000.0,-37798000000.0,3131000000.0,0.0,-1052940000000.0,1300810000000.0,0.0,1922740000000.0,-471557000000.0,-85954000000.0,554073000000.0,135310000000.0,-1240565000000.0,-507614000000.0,0.0,-1179000000.0,305254000000.0,-674569000000.0,5107000000.0,-1025600000000.0,222000000000.0,-700000000000.0,0.0,51549000000.0,-2121513000000.0,0.0,0.0,15217054000000.0,-13970791000000.0,-1877000000.0,-29894000000.0,1214492000000.0,-601767000000.0,7721442000000.0,-1787000000.0,7117888000000.0,VCI,quarterly
MSN,2020,4,973297000000.0,2141185000000.0,194868000000.0,-5747000000.0,0.0,-2616619000000.0,1232043000000.0,0.0,577364000000.0,1054707000000.0,-1069381000000.0,518230000000.0,731934000000.0,-1237236000000.0,-457679000000.0,0.0,-192000000.0,117747000000.0,-1064913000000.0,10542000000.0,-10656450000000.0,9746780000000.0,6750920000000.0,-12107289000000.0,66882000000.0,-7253528000000.0,2118156000000.0,0.0,22322281000000.0,-13973207000000.0,-894000000.0,-1225330000000.0,9241006000000.0,2105225000000.0,5608241000000.0,7976000000.0,7721442000000.0,VCI,quarterly
MSN,2020,3,1100402000000.0,331834000000.0,-221340000000.0,14286000000.0,0.0,1047084000000.0,1140028000000.0,0.0,3412294000000.0,-971041000000.0,578694000000.0,-369196000000.0,-292826000000.0,-1176068000000.0,-179091000000.0,0.0,-1106000000.0,1001660000000.0,-1452762000000.0,38521000000.0,-831000000000.0,801853000000.0,-3705655000000.0,0.0,21192000000.0,-5127851000000.0,250769000000.0,0.0,19693220000000.0,-14746790000000.0,0.0,-146737000000.0,5050462000000.0,924271000000.0,4695511000000.0,-11541000000.0,5608241000000.0,VCI,quarterly
MSN,2020,2,311395000000.0,1048451000000.0,225176000000.0,-18504000000.0,0.0,-1064978000000.0,921542000000.0,0.0,1423082000000.0,-32916000000.0,-625577000000.0,-172038000000.0,-22878000000.0,-1078869000000.0,-22713000000.0,0.0,-716000000.0,-44417000000.0,-205677000000.0,2963000000.0,422500000000.0,212667000000.0,-21283924000000.0,10500000000000.0,480895000000.0,-9870576000000.0,17167000000.0,0.0,25870791000000.0,-14963084000000.0,0.0,-30002000000.0,10894872000000.0,979879000000.0,3711237000000.0,4395000000.0,4695511000000.0,VCI,quarterly
MSN,2020,1,-60255000000.0,1062519000000.0,53562000000.0,20875000000.0,0.0,-601249000000.0,714822000000.0,0.0,1190274000000.0,124826000000.0,-343000000.0,35223000000.0,33252000000.0,-721212000000.0,-369637000000.0,0.0,0.0,276309000000.0,-954810000000.0,4283000000.0,-2349800000000.0,677300000000.0,-8974781000000.0,0.0,92473000000.0,-11505335000000.0,0.0,0.0,19492967000000.0,-11348345000000.0,0.0,0.0,8144622000000.0,-3084404000000.0,6800528000000.0,-4887000000.0,3711237000000.0,VCI,quarterly
MSN,2019,4,2021203000000.0,682257000000.0,38427000000.0,837000000.0,0.0,-1482871000000.0,503017000000.0,0.0,1762870000000.0,2501240000000.0,70958000000.0,120408000000.0,151341000000.0,-325210000000.0,-183217000000.0,0.0,-4833000000.0,3762953000000.0,102534000000.0,-1175623000000.0,-275700000000.0,231700000000.0,-3293733000000.0,189906000000.0,68116000000.0,-4152800000000.0,-60000000.0,0.0,8152938000000.0,-8322716000000.0,0.0,-299000000.0,-170137000000.0,-559984000000.0,7359376000000.0,1136000000.0,6800528000000.0,VCI,quarterly
MSN,2019,3,2667288000000.0,687092000000.0,21156000000.0,-971000000.0,0.0,-645535000000.0,530511000000.0,0.0,3259541000000.0,-1799332000000.0,-12366000000.0,163063000000.0,-40264000000.0,-607319000000.0,-106623000000.0,0.0,6000000.0,751706000000.0,-991034000000.0,1211367000000.0,-156820000000.0,0.0,-9000000.0,22224000000.0,98914000000.0,184642000000.0,213453000000.0,0.0,8755558000000.0,-7115214000000.0,0.0,-237764000000.0,1616033000000.0,2552381000000.0,4813696000000.0,-6701000000.0,7359376000000.0,VCI,quarterly
MSN,2019,2,1275358000000.0,697788000000.0,27295000000.0,-9952000000.0,0.0,-584226000000.0,489198000000.0,0.0,1895461000000.0,-430681000000.0,-395563000000.0,1172081000000.0,-33312000000.0,-285475000000.0,-115978000000.0,0.0,1803000000.0,1771806000000.0,-1245954000000.0,1678000000.0,-5600000000.0,632548000000.0,-3624000000.0,0.0,76371000000.0,-544581000000.0,57969000000.0,0.0,6704278000000.0,-6138188000000.0,0.0,-128380000000.0,495679000000.0,1722904000000.0,3082541000000.0,8251000000.0,4813696000000.0,VCI,quarterly
MSN,2019,1,1141241000000.0,681447000000.0,22672000000.0,3520000000.0,0.0,-502051000000.0,488249000000.0,0.0,1835078000000.0,464035000000.0,-1292405000000.0,-1259580000000.0,-62763000000.0,-669872000000.0,-194942000000.0,0.0,-1891000000.0,-1182340000000.0,-1043979000000.0,1111000000.0,-726700000000.0,370000000000.0,-167723000000.0,0.0,68588000000.0,-1498703000000.0,0.0,0.0,6598598000000.0,-5399269000000.0,0.0,-24002000000.0,1175327000000.0,-1505716000000.0,4585889000000.0,2368000000.0,3082541000000.0,VCI,quarterly
MSN,2018,4,1439469000000.0,699760000000.0,70773000000.0,-10455000000.0,0.0,-605364000000.0,630832000000.0,0.0,2225015000000.0,-648090000000.0,513399000000.0,188094000000.0,-26901000000.0,-671630000000.0,-246305000000.0,0.0,-2980000000.0,1330602000000.0,-745089000000.0,1202000000.0,-234000000000.0,765300000000.0,-17693000000.0,152000000.0,143569000000.0,-86559000000.0,10741405000000.0,0.0,5820814000000.0,-18176514000000.0,0.0,-21000000.0,-1614316000000.0,-370273000000.0,4954786000000.0,1376000000.0,4585889000000.0,VCI,quarterly
MSN,2018,3,1097256000000.0,662293000000.0,22844000000.0,-5809000000.0,0.0,-535982000000.0,757024000000.0,0.0,1997626000000.0,-226038000000.0,31135000000.0,901059000000.0,27795000000.0,-779635000000.0,-159510000000.0,0.0,-2000000.0,1792430000000.0,-753598000000.0,1388000000.0,-327500000000.0,-300000000.0,-677961000000.0,0.0,45117000000.0,-1712854000000.0,52408000000.0,0.0,6737202000000.0,-7209958000000.0,0.0,-226354000000.0,-646702000000.0,-567126000000.0,5518646000000.0,3266000000.0,4954786000000.0,VCI,quarterly
MSN,2018,2,2535069000000.0,682650000000.0,14120000000.0,16977000000.0,0.0,-2005644000000.0,743283000000.0,0.0,1986455000000.0,26284000000.0,-42582000000.0,-426688000000.0,-60071000000.0,-661640000000.0,-115752000000.0,0.0,-3929000000.0,702077000000.0,-463613000000.0,3525000000.0,-71198000000.0,741898000000.0,0.0,0.0,80908000000.0,291520000000.0,134048000000.0,0.0,6511129000000.0,-6413478000000.0,-6087000000.0,-88336000000.0,137276000000.0,1130873000000.0,4391061000000.0,-3288000000.0,5518646000000.0,VCI,quarterly
MSN,2018,1,1172030000000.0,660515000000.0,15355000000.0,8146000000.0,0.0,-591927000000.0,757229000000.0,0.0,2021348000000.0,113658000000.0,-578717000000.0,-52423000000.0,-26860000000.0,-756497000000.0,-154414000000.0,0.0,-75000000.0,566020000000.0,-676166000000.0,4117000000.0,-1026562000000.0,507083000000.0,-1612925000000.0,379584000000.0,66162000000.0,-2358707000000.0,0.0,0.0,4574235000000.0,-4814894000000.0,-2939000000.0,-989663000000.0,-1233261000000.0,-3025948000000.0,7417111000000.0,-102000000.0,4391061000000.0,VCI,quarterly
MSN,2017,4,2341810000000.0,688876000000.0,94574000000.0,16000000.0,0.0,-1838136000000.0,1026781000000.0,0.0,2313921000000.0,-30284000000.0,54144000000.0,219416000000.0,52017000000.0,-912874000000.0,-258232000000.0,0.0,-79000000.0,1438029000000.0,-454835000000.0,2353000000.0,280213000000.0,2303831000000.0,-522403000000.0,3867405000000.0,174566000000.0,5651130000000.0,-35742000000.0,-5876977000000.0,6506660000000.0,-4994650000000.0,-4283000000.0,-31052000000.0,-4436044000000.0,2653115000000.0,4765527000000.0,-1531000000.0,7417111000000.0,VCI,quarterly
MSN,2017,3,1092177000000.0,655990000000.0,31099000000.0,-1871000000.0,0.0,-636124000000.0,735123000000.0,0.0,1876394000000.0,-328320000000.0,842432000000.0,253694000000.0,-50639000000.0,-584059000000.0,-102508000000.0,0.0,-102000000.0,1906892000000.0,-442255000000.0,2864000000.0,-2519058000000.0,480100000000.0,0.0,0.0,66296000000.0,-2412053000000.0,148453000000.0,-247000000.0,5809550000000.0,-6716856000000.0,-4136000000.0,-3119000000.0,-766355000000.0,-1271516000000.0,6034414000000.0,2629000000.0,4765527000000.0,VCI,quarterly
MSN,2017,2,353265000000.0,626370000000.0,42608000000.0,-10005000000.0,0.0,-473363000000.0,895085000000.0,0.0,1433960000000.0,75764000000.0,630415000000.0,222068000000.0,-67513000000.0,-1181222000000.0,-113803000000.0,0.0,0.0,999669000000.0,-688402000000.0,4289000000.0,-1078175000000.0,1972156000000.0,0.0,7568000000.0,123477000000.0,340913000000.0,3399940000000.0,0.0,5595844000000.0,-11118961000000.0,-3994000000.0,-229579000000.0,-2356750000000.0,-1016168000000.0,7047714000000.0,2868000000.0,6034414000000.0,VCI,quarterly
MSN,2017,1,351385000000.0,639410000000.0,1077000000.0,2614000000.0,0.0,-438804000000.0,891943000000.0,0.0,1447625000000.0,-28352000000.0,-495322000000.0,-1727260000000.0,38139000000.0,-583210000000.0,-229735000000.0,0.0,-16000000.0,-1578131000000.0,-525531000000.0,1257000000.0,-2031224000000.0,1996400000000.0,0.0,0.0,113060000000.0,-446038000000.0,0.0,0.0,6104956000000.0,-7727830000000.0,-3858000000.0,-2449198000000.0,-4075930000000.0,-6100099000000.0,13148938000000.0,-1125000000.0,7047714000000.0,VCI,quarterly
MSN,2016,4,1427050000000.0,647487000000.0,53692000000.0,20574000000.0,0.0,-451700000000.0,872343000000.0,0.0,2569446000000.0,-39877000000.0,-20005000000.0,791920000000.0,18801000000.0,-1089401000000.0,-273456000000.0,0.0,1000000.0,1957429000000.0,-708519000000.0,5907000000.0,-26539038000000.0,28539368000000.0,-2727995000000.0,12483000000.0,187430000000.0,-1230364000000.0,1138749000000.0,-238030000000.0,8005149000000.0,-8166750000000.0,-3726000000.0,-34208000000.0,701184000000.0,1428249000000.0,11723007000000.0,-2318000000.0,13148938000000.0,VCI,quarterly
MSN,2016,3,1227246000000.0,623521000000.0,21259000000.0,2520000000.0,0.0,-476927000000.0,842244000000.0,0.0,2239863000000.0,132534000000.0,-1432475000000.0,37786000000.0,8294000000.0,-442131000000.0,-170549000000.0,0.0,-1432000000.0,371890000000.0,-688981000000.0,447000000.0,-20948606000000.0,20900401000000.0,-425587000000.0,0.0,156956000000.0,-1005370000000.0,-59000000.0,-403080000000.0,8641435000000.0,-4390343000000.0,-3598000000.0,-27954000000.0,3816401000000.0,3182921000000.0,8540118000000.0,-32000000.0,11723007000000.0,VCI,quarterly
MSN,2016,2,1276829000000.0,574924000000.0,38409000000.0,-1662000000.0,0.0,-402320000000.0,709454000000.0,0.0,2195634000000.0,323115000000.0,-321413000000.0,763434000000.0,57203000000.0,-933311000000.0,-145777000000.0,0.0,-5641000000.0,1933244000000.0,-710439000000.0,6882000000.0,-19881956000000.0,23690367000000.0,-2193535000000.0,120908000000.0,162998000000.0,1195225000000.0,71349000000.0,0.0,5602020000000.0,-4858752000000.0,-3475000000.0,-89040000000.0,722102000000.0,3850571000000.0,4686894000000.0,2653000000.0,8540118000000.0,VCI,quarterly
MSN,2016,1,515278000000.0,533328000000.0,11626000000.0,1892000000.0,0.0,-335506000000.0,688439000000.0,0.0,1415057000000.0,-191461000000.0,747977000000.0,-1119571000000.0,-189997000000.0,-493700000000.0,-305605000000.0,0.0,-6662000000.0,-143962000000.0,-812644000000.0,56000000.0,-27097654000000.0,28815910000000.0,-19724374000000.0,85310000000.0,609278000000.0,-18124118000000.0,14369527000000.0,-266927000000.0,6768539000000.0,-6209714000000.0,-3356000000.0,-26272000000.0,14631797000000.0,-3636283000000.0,8324476000000.0,-1299000000.0,4686894000000.0,VCI,quarterly
MSN,2015,4,1634599000000.0,521047000000.0,47406000000.0,-11001000000.0,-11730000000.0,-1090842000000.0,1189482000000.0,829549000000.0,3108510000000.0,683852000000.0,68354000000.0,519450000000.0,-105357000000.0,-1091283000000.0,-304600000000.0,0.0,3672000000.0,2882598000000.0,-1249883000000.0,2925000000.0,-21549352000000.0,20578883000000.0,-422447000000.0,450000000000.0,20164000000.0,-2169710000000.0,87441000000.0,0.0,7506845000000.0,-7301149000000.0,0.0,-9128000000.0,284009000000.0,996897000000.0,7332367000000.0,-4788000000.0,8324476000000.0,VCI,quarterly
MSN,2015,3,682848000000.0,510036000000.0,47844000000.0,-81858000000.0,9932000000.0,141668000000.0,508133000000.0,-577768000000.0,1240835000000.0,-655611000000.0,1117403000000.0,-115338000000.0,198788000000.0,-734247000000.0,-142558000000.0,0.0,-5267000000.0,904005000000.0,-1431910000000.0,0.0,-4216826000000.0,4493266000000.0,-1036997000000.0,-42250000000.0,341576000000.0,-1893141000000.0,147512000000.0,0.0,12841882000000.0,-14159440000000.0,0.0,-74900000000.0,-1244946000000.0,-2234082000000.0,9555419000000.0,11030000000.0,7332367000000.0,VCI,quarterly
MSN,2015,2,751647000000.0,444448000000.0,19736000000.0,58792000000.0,1798000000.0,-417149000000.0,571255000000.0,-115446000000.0,1315081000000.0,28122000000.0,-499606000000.0,897274000000.0,-128463000000.0,-14991000000.0,-138379000000.0,0.0,-3920000000.0,1455118000000.0,-1133857000000.0,1915000000.0,-27517550000000.0,20940182000000.0,-507551000000.0,1579203000000.0,407430000000.0,-6230228000000.0,0.0,0.0,13869495000000.0,-3656996000000.0,0.0,-634865000000.0,9577634000000.0,4802524000000.0,4750081000000.0,2814000000.0,9555419000000.0,VCI,quarterly
MSN,2015,1,157635000000.0,347442000000.0,31115000000.0,48702000000.0,0.0,-103279000000.0,399634000000.0,-136335000000.0,744914000000.0,-78529000000.0,-405966000000.0,78584000000.0,112485000000.0,-855981000000.0,-723801000000.0,0.0,-915000000.0,-1129209000000.0,-491515000000.0,45000000.0,-3126339000000.0,5570009000000.0,-1741240000000.0,1549990000000.0,120089000000.0,1881039000000.0,0.0,0.0,4163111000000.0,-5332353000000.0,0.0,0.0,-1169242000000.0,-417412000000.0,5166415000000.0,1078000000.0,4750081000000.0,VCI,quarterly
MSN,2014,4,2157554000000.0,19734000000.0,32941000000.0,16110000000.0,-5641000000.0,-743961000000.0,377862000000.0,-412011000000.0,1442588000000.0,961306000000.0,99474000000.0,-963782000000.0,201979000000.0,-301336000000.0,-62721000000.0,0.0,-570000000.0,1376938000000.0,-1347352000000.0,30141000000.0,-25765031000000.0,24685669000000.0,18810124000000.0,-19926108000000.0,-36680000000.0,-3549237000000.0,388323000000.0,0.0,6482480000000.0,-2424595000000.0,0.0,-1676000000.0,4444532000000.0,2272233000000.0,2897335000000.0,-3153000000.0,5166415000000.0,VCI,quarterly
MSN,2014,3,345868000000.0,393877000000.0,-93000000.0,-8924000000.0,9350000000.0,-272557000000.0,347006000000.0,248233000000.0,1062760000000.0,-387185000000.0,-116898000000.0,-293043000000.0,0.0,-504424000000.0,-79589000000.0,0.0,-4050000000.0,-322429000000.0,-436564000000.0,639000000.0,0.0,0.0,-7058216000000.0,4388395000000.0,141136000000.0,-2964610000000.0,11054000000.0,0.0,4241896000000.0,-3192478000000.0,0.0,-36828000000.0,1023644000000.0,-2263395000000.0,5160730000000.0,0.0,2897335000000.0,VCI,quarterly
MSN,2014,2,98484000000.0,423279000000.0,26006000000.0,41989000000.0,-164000000.0,-2178000000.0,484015000000.0,-105192000000.0,966239000000.0,-335895000000.0,-362887000000.0,-151630000000.0,0.0,-276925000000.0,-46421000000.0,0.0,-51235000000.0,-258754000000.0,77264000000.0,1092000000.0,5679785000000.0,-6505918000000.0,-12926216000000.0,15593651000000.0,166649000000.0,2086307000000.0,79422000000.0,0.0,6450436000000.0,-6509039000000.0,0.0,-1298323000000.0,-1277504000000.0,550049000000.0,4608179000000.0,2502000000.0,5160730000000.0,VCI,quarterly
MSN,2014,1,137825000000.0,283927000000.0,5522000000.0,-107000000.0,2557000000.0,-39316000000.0,255839000000.0,-135983000000.0,510264000000.0,-440428000000.0,-229667000000.0,722657000000.0,0.0,-651418000000.0,-374016000000.0,0.0,0.0,-462608000000.0,-1002050000000.0,428000000.0,-5915584000000.0,6505918000000.0,0.0,0.0,162989000000.0,-248299000000.0,29144000000.0,0.0,4668299000000.0,-5076131000000.0,0.0,0.0,-378688000000.0,-1089595000000.0,5698563000000.0,-789000000.0,4608179000000.0,VCI,quarterly
MSN,2013,4,941301000000.0,146853000000.0,24223000000.0,4644000000.0,147000000.0,59500000000.0,185826000000.0,-321548000000.0,1040946000000.0,392495000000.0,124213000000.0,-37232000000.0,0.0,-196121000000.0,-177915000000.0,0.0,0.0,1146386000000.0,-821896000000.0,5000000.0,-43328557000000.0,41376557000000.0,-125788000000.0,0.0,65221000000.0,-2834458000000.0,-5146374000000.0,0.0,8653344000000.0,-2238154000000.0,0.0,0.0,1268816000000.0,-419256000000.0,6115293000000.0,2526000000.0,5698563000000.0,VCI,quarterly
MSN,2013,3,492721000000.0,158775000000.0,4791000000.0,-1882000000.0,7186000000.0,324113000000.0,101933000000.0,-331512000000.0,756125000000.0,-172979000000.0,-206159000000.0,287620000000.0,0.0,-377330000000.0,-72301000000.0,0.0,-7578000000.0,207398000000.0,-928764000000.0,1444000000.0,214494000000.0,871000000000.0,-1000000.0,1061861000000.0,-1715943000000.0,-495909000000.0,5455856000000.0,-3490092000000.0,92130000000.0,-1961279000000.0,0.0,0.0,96615000000.0,-191896000000.0,6342240000000.0,-35051000000.0,6115293000000.0,VCI,quarterly
MSN,2013,2,464465000000.0,108937000000.0,2214000000.0,-6729000000.0,133000000.0,-203963000000.0,50593000000.0,171656000000.0,587306000000.0,180590000000.0,-176878000000.0,50790000000.0,0.0,-740487000000.0,-497833000000.0,5287000000.0,-17730000000.0,-608955000000.0,-880131000000.0,13000000.0,-214494000000.0,-1553500000000.0,-199322000000.0,207463000000.0,1921054000000.0,-718917000000.0,360631000000.0,0.0,1959177000000.0,-1524324000000.0,0.0,-14926000000.0,780558000000.0,-547314000000.0,6858276000000.0,31278000000.0,6342240000000.0,VCI,quarterly
MSN,2013,1,116815000000.0,105494000000.0,3943000000.0,16000000.0,67000000.0,14900000000.0,64602000000.0,-98703000000.0,207134000000.0,-408160000000.0,-227318000000.0,-284569000000.0,0.0,-35562000000.0,-85545000000.0,-5287000000.0,0.0,-839307000000.0,-1449217000000.0,100000000.0,0.0,1553500000000.0,-437279000000.0,-207463000000.0,213691000000.0,-326668000000.0,2782702000000.0,0.0,1172222000000.0,-1649390000000.0,0.0,0.0,2305534000000.0,1139559000000.0,5718717000000.0,0.0,6858276000000.0,VCI,quarterly
MSN,2010,4,0.0,0.0,0.0,0.0,0.0,0.0,0.0,0.0,0.0,0.0,0.0,0.0,0.0,0.0,0.0,0.0,0.0,0.0,0.0,0.0,0.0,0.0,0.0,0.0,0.0,0.0,0.0,0.0,0.0,0.0,0.0,0.0,0.0,0.0,0.0,0.0,0.0,VCI,quarterly
